Rank,Name,Site Link,Price,Old Price,Discount,Rating,Rating Count,Sponsored,Express
1,serenity axis sports yoga bag (unisex) …,https://www.noon.com/uae-en/serenity-axis-sports-yoga-bag-(unisex)-…/p/p/?o=p-1,90,150,40% Off,,,y,n
2,serenity axis cork yoga mat (blue lotus) …,https://www.noon.com/uae-en/serenity-axis-cork-yoga-mat-(blue-lotus)-…/p/p/?o=p-1,270,450,40% Off,,,y,n
3,serenity axis female yoga bag …,https://www.noon.com/uae-en/serenity-axis-female-yoga-bag-…/p/p/?o=p-1,90,150,40% Off,,,y,n
4,Cool Baby Style COOLBABY Pilates Reformer Pilates Multifunctional Yoga Bed.Pilates Core Bed.Fitness Equipment.Pilates Training Bed.Strength Adjustment.Solid Wood …,https://www.noon.com/uae-en/cool-baby-style-coolbaby-pilates-reformer-pilates-multifunctional-yoga-bed.pilates-core-bed.fitness-equipment.pilates-training-bed.strength-adjustment.solid-wood-…/p/p/?o=p-1,"3,910","4,779",18% Off,,,n,y
5,"Balanced Body Balanced Body METRO-IQ Reformer Bundle – Advanced, High-Tech Pilates Reformer with Smart Features for Full-Body Fitness, Core Training, and Home or Studio Workouts …","https://www.noon.com/uae-en/balanced-body-balanced-body-metro-iq-reformer-bundle-–-advanced,-high-tech-pilates-reformer-with-smart-features-for-full-body-fitness,-core-training,-and-home-or-studio-workouts-…/p/p/?o=p-1","21,000",,,,,n,y
6,"Eworld Anti-slip Yoga Sports and Exercise Mat with Carrying Strap Water Repellent Moisture Proof for Home and Gym, Grey …","https://www.noon.com/uae-en/eworld-anti-slip-yoga-sports-and-exercise-mat-with-carrying-strap-water-repellent-moisture-proof-for-home-and-gym,-grey-…/p/p/?o=p-1",34.95,,,,,y,y
7,serenity axis cork yoga mat ( mandalah ) …,https://www.noon.com/uae-en/serenity-axis-cork-yoga-mat-(-mandalah-)-…/p/p/?o=p-1,270,450,40% Off,,,y,n
8,serenity axis cork yoga mat (The five ) …,https://www.noon.com/uae-en/serenity-axis-cork-yoga-mat-(the-five-)-…/p/p/?o=p-1,270,450,40% Off,,,y,n
9,Generic Pilates Yoga Bed Yoga Studio Pilates Core Bed Pilates Training Bed Strength Adjustment Stainless Steel Yoga Training Bed …,https://www.noon.com/uae-en/generic-pilates-yoga-bed-yoga-studio-pilates-core-bed-pilates-training-bed-strength-adjustment-stainless-steel-yoga-training-bed-…/p/p/?o=p-1,"1,969","2,500",21% Off,,,n,y
10,Generic Pilates Yoga Bed Yoga Studio Pilates Core Bed Pilates Training Bed Strength Adjustment Stainless Steel Yoga Training Bed …,https://www.noon.com/uae-en/generic-pilates-yoga-bed-yoga-studio-pilates-core-bed-pilates-training-bed-strength-adjustment-stainless-steel-yoga-training-bed-…/p/p/?o=p-1,"1,599","1,999",20% Off,5.0,1,n,y
11,Other Manufacturer Pilates Reformer Pilates Dirac Loft Bed Yoga Bed Home Commercial Fitness Equipment …,https://www.noon.com/uae-en/other-manufacturer-pilates-reformer-pilates-dirac-loft-bed-yoga-bed-home-commercial-fitness-equipment-…/p/p/?o=p-1,"4,999","5,053",,,,n,y
12,Cool Baby Style COOLBABY Pilates Core Bed Yoga Bed Sports Solid Wood Pilates Equipment Home Stretch Home Stretch Training Fitness Equipment Foldable …,https://www.noon.com/uae-en/cool-baby-style-coolbaby-pilates-core-bed-yoga-bed-sports-solid-wood-pilates-equipment-home-stretch-home-stretch-training-fitness-equipment-foldable-…/p/p/?o=p-1,"4,999","5,053",,,,n,y
13,"Bernessi 8MM Yoga Mat with Carrying Strap Anti-Slip for Home Workout Exercises Meditation Eco Friendly, Non Skid TPE Yoga Mattres for Pilates 183x61x0.8cm Thick, Pink/Black Color …","https://www.noon.com/uae-en/bernessi-8mm-yoga-mat-with-carrying-strap-anti-slip-for-home-workout-exercises-meditation-eco-friendly,-non-skid-tpe-yoga-mattres-for-pilates-183x61x0.8cm-thick,-pink/black-color-…/p/p/?o=p-1",69.90,165,57% Off,4.8,65,n,y
14,"Lemon 4-Pair Non-slip Yoga Socks, Cotton Pilates Socks with Straps, Breathable&Moisture-Wicking&Machine-Washable, Ideal for Yoga/Pilates/Ballet/Dance/Workout (Pink+Black+Grey+Brown, Fit Size 36-42) …","https://www.noon.com/uae-en/lemon-4-pair-non-slip-yoga-socks,-cotton-pilates-socks-with-straps,-breathable&moisture-wicking&machine-washable,-ideal-for-yoga/pilates/ballet/dance/workout-(pink+black+grey+brown,-fit-size-36-42)-…/p/p/?o=p-1",39.20,56,29% Off,,,y,y
15,"Vparty Thick Yoga Mat for Home Workout,183x61x0.6cm Non-Slip Exercise Fitness Yoga Mats,Eco-Friendly TPE Exercise Mats for Home Workout with strap & Carrying Bag …","https://www.noon.com/uae-en/vparty-thick-yoga-mat-for-home-workout,183x61x0.6cm-non-slip-exercise-fitness-yoga-mats,eco-friendly-tpe-exercise-mats-for-home-workout-with-strap-&-carrying-bag-…/p/p/?o=p-1",59.90,69.95,14% Off,5.0,3,y,n
16,"Align-Pilates Align-Pilates Pro Sitting Box for Reformers, Comfortable & Durable Pilates Accessory, Versatile Exercise Support, Black …","https://www.noon.com/uae-en/align-pilates-align-pilates-pro-sitting-box-for-reformers,-comfortable-&-durable-pilates-accessory,-versatile-exercise-support,-black-…/p/p/?o=p-1","1,400","1,499",6% Off,,,n,y
17,Cool Baby Style COOLBABY Pilates Reformer Pilates Core Bed Yoga Bed Aluminum Alloy Family Stretch Family Stretch Training Fitness Equipment Folding …,https://www.noon.com/uae-en/cool-baby-style-coolbaby-pilates-reformer-pilates-core-bed-yoga-bed-aluminum-alloy-family-stretch-family-stretch-training-fitness-equipment-folding-…/p/p/?o=p-1,"5,299","5,684",6% Off,,,n,y
18,Generic Punching bags Standing punching bags are available for families of adults or children …,https://www.noon.com/uae-en/generic-punching-bags-standing-punching-bags-are-available-for-families-of-adults-or-children-…/p/p/?o=p-1,599,,,5.0,3,n,y
19,"TYCOM Tycom Resistance Loop Bands- Resistance Exercise Bands Set Workout Bands Flex bands for Home Fitness, Stretching, Strength Training, Physical Therapy, Yoga …","https://www.noon.com/uae-en/tycom-tycom-resistance-loop-bands--resistance-exercise-bands-set-workout-bands-flex-bands-for-home-fitness,-stretching,-strength-training,-physical-therapy,-yoga-…/p/p/?o=p-1",28.60,49,41% Off,5.0,3,y,y
20,Generic Anti-Tear Exercise Mat With Carrying Strap …,https://www.noon.com/uae-en/generic-anti-tear-exercise-mat-with-carrying-strap-…/p/p/?o=p-1,39,,,4.3,1.6K,n,y
21,Cool Baby Style Pilates Reformer Pilates Stable Chair Balance Trainer Multifunctional Fitness Equipment …,https://www.noon.com/uae-en/cool-baby-style-pilates-reformer-pilates-stable-chair-balance-trainer-multifunctional-fitness-equipment-…/p/p/?o=p-1,"1,899","2,299",17% Off,,,n,y
22,Cool Baby Style COOLBABY Pilates Multifunctional Yoga Bed.Pilates Core Bed.Fitness Equipment.Pilates Training Bed.Strength Adjustment.Solid Wood …,https://www.noon.com/uae-en/cool-baby-style-coolbaby-pilates-multifunctional-yoga-bed.pilates-core-bed.fitness-equipment.pilates-training-bed.strength-adjustment.solid-wood-…/p/p/?o=p-1,"4,779",,,,,n,y
23,"MahMir Mahmir® EVA Foam Roller for Yoga, Deep Tissue Massage, Stretching, Physical Therapy, Relieve Stress, Improve Mobility with Foam Roller for Legs and Muscles - Deep Tissue Massage Tool (Light Blue) …","https://www.noon.com/uae-en/mahmir-mahmir®-eva-foam-roller-for-yoga,-deep-tissue-massage,-stretching,-physical-therapy,-relieve-stress,-improve-mobility-with-foam-roller-for-legs-and-muscles---deep-tissue-massage-tool-(light-blue)-…/p/p/?o=p-1",29.95,,,3.4,3,y,y
24,"LYNLYN 1.5m Resistance Bands for Yoga, Pilates, Strength Training, Elastic Bands for Flexibility, Rehab, Fitness, Ideal for Men & Women (Purple) …","https://www.noon.com/uae-en/lynlyn-1.5m-resistance-bands-for-yoga,-pilates,-strength-training,-elastic-bands-for-flexibility,-rehab,-fitness,-ideal-for-men-&-women-(purple)-…/p/p/?o=p-1",29,79,63% Off,,,y,y
25,YQbest Yoga Barre Socks Non Slip Anti Skid Sticky Silicone Grips Cotton for Pilates Gym Pure Ballet Dance Barefoot Workout Ankle Multiuse Black Grey Skin Color 3Pcs …,https://www.noon.com/uae-en/yqbest-yoga-barre-socks-non-slip-anti-skid-sticky-silicone-grips-cotton-for-pilates-gym-pure-ballet-dance-barefoot-workout-ankle-multiuse-black-grey-skin-color-3pcs-…/p/p/?o=p-1,48,69,30% Off,,,y,y
26,Generic Pilates Solid Wood Ladder Bucket Yoga Body Sculpting Slimming Home Fitness Equipment …,https://www.noon.com/uae-en/generic-pilates-solid-wood-ladder-bucket-yoga-body-sculpting-slimming-home-fitness-equipment-…/p/p/?o=p-1,"2,799","2,999",6% Off,,,n,y
27,"NNEWVANTE Nnewvante Silk Sleep Mask, 2 Pack 100% Real Natural Pure Silk Eye Mask with Adjustable Strap, Eye Mask for Sleeping, Eye Sleep Shade Cover, Blocks Light Reduces Puffy Eyes Gifts …","https://www.noon.com/uae-en/nnewvante-nnewvante-silk-sleep-mask,-2-pack-100%-real-natural-pure-silk-eye-mask-with-adjustable-strap,-eye-mask-for-sleeping,-eye-sleep-shade-cover,-blocks-light-reduces-puffy-eyes-gifts-…/p/p/?o=p-1",23.95,35.95,33% Off,3.5,5,y,y
28,Other Manufacturer Pilates Reformer Pilates Stable Chair Balance Trainer Multifunctional Fitness Equipment …,https://www.noon.com/uae-en/other-manufacturer-pilates-reformer-pilates-stable-chair-balance-trainer-multifunctional-fitness-equipment-…/p/p/?o=p-1,"2,299","2,421",5% Off,,,n,y
29,"Bernessi 8MM Yoga Mat with Carrying Strap Anti-Slip for Home Workout Exercises Meditation Eco Friendly, Non Skid TPE Yoga Mattres for Pilates 183x61x0.8cm Thick, Light Pink / Black Color …","https://www.noon.com/uae-en/bernessi-8mm-yoga-mat-with-carrying-strap-anti-slip-for-home-workout-exercises-meditation-eco-friendly,-non-skid-tpe-yoga-mattres-for-pilates-183x61x0.8cm-thick,-light-pink-/-black-color-…/p/p/?o=p-1",61.25,180,65% Off,5.0,4,n,y
30,Emfil Anti Skid Yoga Mat …,https://www.noon.com/uae-en/emfil-anti-skid-yoga-mat-…/p/p/?o=p-1,30.05,,,4.5,387,n,y
31,"GROIC Fitness Yoga Mat for Women and Men - Large, 4mm Thick, 68 Inch *24 Inch, Non Slip Exercise Mats w/ 70 Printed Yoga Poses for Pilates, Workout and Stretching - Home and Gym Essentials …","https://www.noon.com/uae-en/groic-fitness-yoga-mat-for-women-and-men---large,-4mm-thick,-68-inch-*24-inch,-non-slip-exercise-mats-w/-70-printed-yoga-poses-for-pilates,-workout-and-stretching---home-and-gym-essentials-…/p/p/?o=p-1",87.40,200,56% Off,5.0,7,n,y
32,Generic Anti-Tear Exercise Mat With Carrying Strap …,https://www.noon.com/uae-en/generic-anti-tear-exercise-mat-with-carrying-strap-…/p/p/?o=p-1,33.95,,,4.5,1.1K,n,n
33,Longchamp Longchamp Le Pliage Original Large Navy Tote Bag for Women L1899089P68 …,https://www.noon.com/uae-en/longchamp-longchamp-le-pliage-original-large-navy-tote-bag-for-women-l1899089p68-…/p/p/?o=p-1,165,,,5.0,3,n,y
34,MahMir MahMir Yoga Mat Anti-Slip Exercise Mat with Carrying Bag Fitness Mat for Pilates 183CM*61CM*6MM Thickness for Woman Man Beginners  Black+Light Grey …,https://www.noon.com/uae-en/mahmir-mahmir-yoga-mat-anti-slip-exercise-mat-with-carrying-bag-fitness-mat-for-pilates-183cm*61cm*6mm-thickness-for-woman-man-beginners--black+light-grey-…/p/p/?o=p-1,49.95,59.95,16% Off,4.8,14,n,y
35,"Longchamp Longchamp women's large tote bag, handbag, shoulder bag black classic style …","https://www.noon.com/uae-en/longchamp-longchamp-women's-large-tote-bag,-handbag,-shoulder-bag-black-classic-style-…/p/p/?o=p-1",161.70,399.90,59% Off,,,y,y
36,Adidas Fitness Mat - 7Mm - Green …,https://www.noon.com/uae-en/adidas-fitness-mat---7mm---green-…/p/p/?o=p-1,81,155,47% Off,,,n,y
37,"Longchamp Longchamp women's large tote bag, handbag, shoulder bag black classic style …","https://www.noon.com/uae-en/longchamp-longchamp-women's-large-tote-bag,-handbag,-shoulder-bag-black-classic-style-…/p/p/?o=p-1",161.70,399.90,59% Off,,,n,y
38,"Generic 5 Packs Cooling Towel, Quick Dry Sports Towel for Yoga Fitness Golf Tennis Camping Games，Fitness Towel(30x80cm) …","https://www.noon.com/uae-en/generic-5-packs-cooling-towel,-quick-dry-sports-towel-for-yoga-fitness-golf-tennis-camping-games，fitness-towel(30x80cm)-…/p/p/?o=p-1",28.90,79.95,63% Off,,,n,y
39,Prickly Pear Prickly Pear STARGAZE Non-Slip Suede Top 4mm Thick Yoga Mat with Carry Strap for Exercise and Fitness …,https://www.noon.com/uae-en/prickly-pear-prickly-pear-stargaze-non-slip-suede-top-4mm-thick-yoga-mat-with-carry-strap-for-exercise-and-fitness-…/p/p/?o=p-1,275,415,33% Off,,,n,y
40,"RIGID FITNESS Yoga Mat 6mm with Alignments - Anti-Slip TPE Yoga Mat with Carry Bag - Precision Alignment Lines, Lightweight & Durable for All Fitness Exercises - Thick Training Mat - 183*66cm (Green) …","https://www.noon.com/uae-en/rigid-fitness-yoga-mat-6mm-with-alignments---anti-slip-tpe-yoga-mat-with-carry-bag---precision-alignment-lines,-lightweight-&-durable-for-all-fitness-exercises---thick-training-mat---183*66cm-(green)-…/p/p/?o=p-1",69.75,95,26% Off,5.0,9,n,y
41,LACOSTE Lacoste Tote Bag Large Size Black Color …,https://www.noon.com/uae-en/lacoste-lacoste-tote-bag-large-size-black-color-…/p/p/?o=p-1,157.50,299,47% Off,,,n,y
42,MahMir MahMir Yoga Mat Anti-Slip Exercise Mat with Carrying Bag Fitness Mat for Pilates 183CM*61CM*6MM Thickness for Woman Man Beginners Pink + Light Grey …,https://www.noon.com/uae-en/mahmir-mahmir-yoga-mat-anti-slip-exercise-mat-with-carrying-bag-fitness-mat-for-pilates-183cm*61cm*6mm-thickness-for-woman-man-beginners-pink-+-light-grey-…/p/p/?o=p-1,49.95,69.95,28% Off,4.4,23,n,y
43,"Generic 5 Packs Cooling Towel, Quick Dry Sports Towel for Yoga Fitness Golf Tennis Camping Games，Fitness Towel(30x80cm) …","https://www.noon.com/uae-en/generic-5-packs-cooling-towel,-quick-dry-sports-towel-for-yoga-fitness-golf-tennis-camping-games，fitness-towel(30x80cm)-…/p/p/?o=p-1",28.90,79.95,63% Off,,,y,y
44,"MahMir Mahmir® EVA Foam Roller for Yoga, Deep Tissue Massage, Stretching, Physical Therapy, Relieve Stress, Improve Mobility with Foam Roller for Legs and Muscles - Deep Tissue Massage Tool (Pink) …","https://www.noon.com/uae-en/mahmir-mahmir®-eva-foam-roller-for-yoga,-deep-tissue-massage,-stretching,-physical-therapy,-relieve-stress,-improve-mobility-with-foam-roller-for-legs-and-muscles---deep-tissue-massage-tool-(pink)-…/p/p/?o=p-1",29.95,,,4.0,8,y,y
45,"Qiccijoo Qiccijoo Ankle Weights Set 1 Pair 4kg(8.8lb) Workout Ankle Weights for Women or Men Wrist Leg Weights for Fitness,Running,Walking,2*2kg(4.4lb) - Blue …","https://www.noon.com/uae-en/qiccijoo-qiccijoo-ankle-weights-set-1-pair-4kg(8.8lb)-workout-ankle-weights-for-women-or-men-wrist-leg-weights-for-fitness,running,walking,2*2kg(4.4lb)---blue-…/p/p/?o=p-1",89,,,,,y,y
46,LACOSTE Lacoste Tote Bag Large Size Navy Blue …,https://www.noon.com/uae-en/lacoste-lacoste-tote-bag-large-size-navy-blue-…/p/p/?o=p-1,157.50,299,47% Off,,,n,y
47,MahMir MahMir Yoga Mat Anti-Slip Exercise Mat with Carrying Bag Fitness Mat for Pilates 183CM*61CM*6MM Thickness for Woman Man Beginners (Green + Black) …,https://www.noon.com/uae-en/mahmir-mahmir-yoga-mat-anti-slip-exercise-mat-with-carrying-bag-fitness-mat-for-pilates-183cm*61cm*6mm-thickness-for-woman-man-beginners-(green-+-black)-…/p/p/?o=p-1,49.95,69.95,28% Off,4.8,8,n,y
48,"Longchamp Longchamp women's large tote bag, handbag, shoulder bag, navy blue classic style Topic: …","https://www.noon.com/uae-en/longchamp-longchamp-women's-large-tote-bag,-handbag,-shoulder-bag,-navy-blue-classic-style-topic:-…/p/p/?o=p-1",161.70,399.90,59% Off,,,n,y
49,"GROIC Fitness Yoga Mat for Women and Men - Large, 4mm Thick, 68 Inch *24 Inch, Non Slip Exercise Mats w/ 70 Printed Yoga Poses for Pilates, Workout and Stretching - Home and Gym Essentials …","https://www.noon.com/uae-en/groic-fitness-yoga-mat-for-women-and-men---large,-4mm-thick,-68-inch-*24-inch,-non-slip-exercise-mats-w/-70-printed-yoga-poses-for-pilates,-workout-and-stretching---home-and-gym-essentials-…/p/p/?o=p-1",90.15,200,54% Off,5.0,1,n,y
50,Generic Set Of 2 Yoga Block Props Brick …,https://www.noon.com/uae-en/generic-set-of-2-yoga-block-props-brick-…/p/p/?o=p-1,23.30,24,,4.7,35,n,y
51,MahMir MahMir Yoga Mat Anti-Slip Exercise Mat with Carrying Bag Fitness Mat for Pilates 183CM*61CM*6MM Thickness for Woman Man Beginners ( Purple + Pink) …,https://www.noon.com/uae-en/mahmir-mahmir-yoga-mat-anti-slip-exercise-mat-with-carrying-bag-fitness-mat-for-pilates-183cm*61cm*6mm-thickness-for-woman-man-beginners-(-purple-+-pink)-…/p/p/?o=p-1,49.95,69.95,28% Off,4.5,24,n,y
52,Generic The World's Best Eco Friendly Non Slip Yoga Mat With The ORIGINAL Unique Alignment Marker System Biodegradable Mat Made With Natural Rubber  A Warrior like Grip …,https://www.noon.com/uae-en/generic-the-world's-best-eco-friendly-non-slip-yoga-mat-with-the-original-unique-alignment-marker-system-biodegradable-mat-made-with-natural-rubber--a-warrior-like-grip-…/p/p/?o=p-1,159.60,228,30% Off,,,n,y
53,"Align-Pilates Align-Pilates Jump Board - Compatible with C, F, R & H-Series Pilates Reformers, Durable & Versatile Accessory …","https://www.noon.com/uae-en/align-pilates-align-pilates-jump-board---compatible-with-c,-f,-r-&-h-series-pilates-reformers,-durable-&-versatile-accessory-…/p/p/?o=p-1",590,695,15% Off,,,n,y
54,Align-Pilates Align-Pilates Leg Extensions for R8-Pro Pilates Reformer …,https://www.noon.com/uae-en/align-pilates-align-pilates-leg-extensions-for-r8-pro-pilates-reformer-…/p/p/?o=p-1,230,250,8% Off,,,n,y
55,Generic Breathable Yoga Mat Mesh Bag 11.8x27.5inch …,https://www.noon.com/uae-en/generic-breathable-yoga-mat-mesh-bag-11.8x27.5inch-…/p/p/?o=p-1,19.85,33,39% Off,3.6,80,n,y
56,Prickly Pear Prickly Pear Wander Print Non-Slip 4mm Yoga Mat with Strap - Premium Exercise Mat …,https://www.noon.com/uae-en/prickly-pear-prickly-pear-wander-print-non-slip-4mm-yoga-mat-with-strap---premium-exercise-mat-…/p/p/?o=p-1,275,415,33% Off,,,n,y
57,"TYCOM Tycom Resistance Loop Bands- Resistance Exercise Bands Set Workout Bands Flex bands for Home Fitness, Stretching, Strength Training, Physical Therapy, Yoga …","https://www.noon.com/uae-en/tycom-tycom-resistance-loop-bands--resistance-exercise-bands-set-workout-bands-flex-bands-for-home-fitness,-stretching,-strength-training,-physical-therapy,-yoga-…/p/p/?o=p-1",28.60,49,41% Off,5.0,3,n,y
58,Kanteen Store Anti Burst Sports Swiss Yoga Aerobic Body Fitness Ball 65cm 65cm …,https://www.noon.com/uae-en/kanteen-store-anti-burst-sports-swiss-yoga-aerobic-body-fitness-ball-65cm-65cm-…/p/p/?o=p-1,29.85,44,32% Off,4.4,294,n,y
59,"Generic 6Pcs Cooling Towel, Ice Sports Towel, Cool Towel for Instant Cooling,for Yoga, Travel, Golf, Gym,Camping, Fitness, Running, Workout & More Activities (31.5""x11.8"") …","https://www.noon.com/uae-en/generic-6pcs-cooling-towel,-ice-sports-towel,-cool-towel-for-instant-cooling,for-yoga,-travel,-golf,-gym,camping,-fitness,-running,-workout-&-more-activities-(31.5""x11.8"")-…/p/p/?o=p-1",28.70,99.90,71% Off,,,n,y
60,ShebSheb Foldable Yoga Mat Sport Mat Lightweight And 6mm Thick TPE Yoga Mat Non Slip For Yoga Pilates Fitness Workouts Travel …,https://www.noon.com/uae-en/shebsheb-foldable-yoga-mat-sport-mat-lightweight-and-6mm-thick-tpe-yoga-mat-non-slip-for-yoga-pilates-fitness-workouts-travel-…/p/p/?o=p-1,59.90,,,5.0,8,n,y
61,Generic Foam Roller Yoga Fitness- Black …,https://www.noon.com/uae-en/generic-foam-roller-yoga-fitness--black-…/p/p/?o=p-1,34.30,49,30% Off,4.3,16,n,y
62,Gaiam Yoga Mat Bag …,https://www.noon.com/uae-en/gaiam-yoga-mat-bag-…/p/p/?o=p-1,194.50,309,37% Off,,,n,y
63,Prickly Pear Prickly Pear Daydream Yoga Mat Suede Top Non-Slip 4mm - Premium Yoga Mat with Suede Top and Strap Ideal for Home or Studio Use …,https://www.noon.com/uae-en/prickly-pear-prickly-pear-daydream-yoga-mat-suede-top-non-slip-4mm---premium-yoga-mat-with-suede-top-and-strap-ideal-for-home-or-studio-use-…/p/p/?o=p-1,275,415,33% Off,,,n,y
64,Prickly Pear Prickly Pear Beige Rollable 4mm Non-Slip Yoga Mat with Carry Strap/Stretching Tool - Premium Exercise Mat …,https://www.noon.com/uae-en/prickly-pear-prickly-pear-beige-rollable-4mm-non-slip-yoga-mat-with-carry-strap/stretching-tool---premium-exercise-mat-…/p/p/?o=p-1,275,415,33% Off,,,n,y
65,LIMOS Sports Yoga Socks for Women Pack Of 3 Pairs …,https://www.noon.com/uae-en/limos-sports-yoga-socks-for-women-pack-of-3-pairs-…/p/p/?o=p-1,39,,,5.0,12,n,y
66,"BRIGHTLY LABS Yoga Mat Non Slip, Eco Friendly Pro Exercise Mat 5MM, Extra Wide and Extra Long, Ideal for All Types of Yoga, Pilates, Floor Workouts Best Gift Choice …","https://www.noon.com/uae-en/brightly-labs-yoga-mat-non-slip,-eco-friendly-pro-exercise-mat-5mm,-extra-wide-and-extra-long,-ideal-for-all-types-of-yoga,-pilates,-floor-workouts-best-gift-choice-…/p/p/?o=p-1",298.15,445,33% Off,,,n,y
67,Generic Yoga Mat Bag with Water Bottle Pocket and Bottom Wet Compartment - Multifunctional Sports Yoga Mat Carrier and Storage Bag …,https://www.noon.com/uae-en/generic-yoga-mat-bag-with-water-bottle-pocket-and-bottom-wet-compartment---multifunctional-sports-yoga-mat-carrier-and-storage-bag-…/p/p/?o=p-1,56.95,99,42% Off,,,n,y
1,serenity axis sports yoga bag (unisex) …,https://www.noon.com/uae-en/serenity-axis-sports-yoga-bag-(unisex)-…/p/p/?o=p-1,90,150,40% Off,,,y,n
2,serenity axis cork yoga mat (blue lotus) …,https://www.noon.com/uae-en/serenity-axis-cork-yoga-mat-(blue-lotus)-…/p/p/?o=p-1,270,450,40% Off,,,y,n
3,serenity axis female yoga bag …,https://www.noon.com/uae-en/serenity-axis-female-yoga-bag-…/p/p/?o=p-1,90,150,40% Off,,,y,n
4,"GROIC 12 Pack Puzzle Exercise Floor Mat, EVA Foam Mats with Interlocking Floor Tiles, 12'' x 12'' Foam Gym Mat, Protective Flooring Mats Interlocking for Home and Gym Equipment …","https://www.noon.com/uae-en/groic-12-pack-puzzle-exercise-floor-mat,-eva-foam-mats-with-interlocking-floor-tiles,-12''-x-12''-foam-gym-mat,-protective-flooring-mats-interlocking-for-home-and-gym-equipment-…/p/p/?o=p-1",66.85,200,66% Off,3.1,7,n,y
5,Generic Fittex Tough Non-Slip 10mm Thick Yoga Mat with Carry Strap 188x61x1cm Blue …,https://www.noon.com/uae-en/generic-fittex-tough-non-slip-10mm-thick-yoga-mat-with-carry-strap-188x61x1cm-blue-…/p/p/?o=p-1,35,49,28% Off,4.5,18,n,n
6,"Eworld Anti-slip Yoga Sports and Exercise Mat with Carrying Strap Water Repellent Moisture Proof for Home and Gym, Grey …","https://www.noon.com/uae-en/eworld-anti-slip-yoga-sports-and-exercise-mat-with-carrying-strap-water-repellent-moisture-proof-for-home-and-gym,-grey-…/p/p/?o=p-1",34.95,,,,,y,y
7,serenity axis cork yoga mat ( mandalah ) …,https://www.noon.com/uae-en/serenity-axis-cork-yoga-mat-(-mandalah-)-…/p/p/?o=p-1,270,450,40% Off,,,y,n
8,serenity axis cork yoga mat (The five ) …,https://www.noon.com/uae-en/serenity-axis-cork-yoga-mat-(the-five-)-…/p/p/?o=p-1,270,450,40% Off,,,y,n
9,"Unique Resistance Bands, Elastic Exercise Bands for Working Out, Physical Therapy, Recovery, Yoga, Pilates, Strength Training …","https://www.noon.com/uae-en/unique-resistance-bands,-elastic-exercise-bands-for-working-out,-physical-therapy,-recovery,-yoga,-pilates,-strength-training-…/p/p/?o=p-1",23.50,49.95,52% Off,4.9,5,n,y
10,Generic Pilates Bar Kit with Resistance Bands 150LBS Resistance Bands Set with Bar Portable Pilates Equipment …,https://www.noon.com/uae-en/generic-pilates-bar-kit-with-resistance-bands-150lbs-resistance-bands-set-with-bar-portable-pilates-equipment-…/p/p/?o=p-1,120,150,20% Off,5.0,1,n,y
11,"GROIC Yoga Mat, Extra Wide 72""x 31.5"" x 0.24"" Pilates Fitness Mats with Alignment Marks, Non Slip Fitness Yoga Mats, Exercise Mats for Yoga Pilates Home Floor Workout with Carrying Sling and Storage Bag …","https://www.noon.com/uae-en/groic-yoga-mat,-extra-wide-72""x-31.5""-x-0.24""-pilates-fitness-mats-with-alignment-marks,-non-slip-fitness-yoga-mats,-exercise-mats-for-yoga-pilates-home-floor-workout-with-carrying-sling-and-storage-bag-…/p/p/?o=p-1",119.65,250,52% Off,5.0,1,n,y
12,"RIOXS Yoga Mats,10 mm  Extra Thick High Density Exercise Mat With Bandage And Carrying Bag,Anti-Tear Non-Slip Pad,Cushy Floor Pad For Pilates Yoga Fitness …","https://www.noon.com/uae-en/rioxs-yoga-mats,10-mm--extra-thick-high-density-exercise-mat-with-bandage-and-carrying-bag,anti-tear-non-slip-pad,cushy-floor-pad-for-pilates-yoga-fitness-…/p/p/?o=p-1",55.35,89,37% Off,,,n,y
13,UKR UKR Tri-Fold Portable Non-Slip Yoga Mat Fitness Mat Gym Mat Travel Exercise Training Aerobic Mat Fitness Gym & Gymnastics Balance Padded Mat Blue (186*61*6cm) …,https://www.noon.com/uae-en/ukr-ukr-tri-fold-portable-non-slip-yoga-mat-fitness-mat-gym-mat-travel-exercise-training-aerobic-mat-fitness-gym-&-gymnastics-balance-padded-mat-blue-(186*61*6cm)-…/p/p/?o=p-1,129.95,139,6% Off,,,n,y
14,"Lemon 4-Pair Non-slip Yoga Socks, Cotton Pilates Socks with Straps, Breathable&Moisture-Wicking&Machine-Washable, Ideal for Yoga/Pilates/Ballet/Dance/Workout (Pink+Black+Grey+Brown, Fit Size 36-42) …","https://www.noon.com/uae-en/lemon-4-pair-non-slip-yoga-socks,-cotton-pilates-socks-with-straps,-breathable&moisture-wicking&machine-washable,-ideal-for-yoga/pilates/ballet/dance/workout-(pink+black+grey+brown,-fit-size-36-42)-…/p/p/?o=p-1",39.20,56,29% Off,,,y,y
15,"Vparty Thick Yoga Mat for Home Workout,183x61x0.6cm Non-Slip Exercise Fitness Yoga Mats,Eco-Friendly TPE Exercise Mats for Home Workout with strap & Carrying Bag …","https://www.noon.com/uae-en/vparty-thick-yoga-mat-for-home-workout,183x61x0.6cm-non-slip-exercise-fitness-yoga-mats,eco-friendly-tpe-exercise-mats-for-home-workout-with-strap-&-carrying-bag-…/p/p/?o=p-1",59.90,69.95,14% Off,5.0,3,y,n
16,Generic Anti-Tear Exercise Mat With Carrying Strap …,https://www.noon.com/uae-en/generic-anti-tear-exercise-mat-with-carrying-strap-…/p/p/?o=p-1,33.50,39,14% Off,4.4,1.2K,n,y
17,Generic Pilates Fitness Circle Ring 38X38cm 38X38cm …,https://www.noon.com/uae-en/generic-pilates-fitness-circle-ring-38x38cm-38x38cm-…/p/p/?o=p-1,99,219,54% Off,4.4,27,n,n
18,Generic 16-Piece Billiards Ball 33*22*5.5cm …,https://www.noon.com/uae-en/generic-16-piece-billiards-ball-33*22*5.5cm-…/p/p/?o=p-1,165.75,220,24% Off,,,n,y
19,"TYCOM Tycom Resistance Loop Bands- Resistance Exercise Bands Set Workout Bands Flex bands for Home Fitness, Stretching, Strength Training, Physical Therapy, Yoga …","https://www.noon.com/uae-en/tycom-tycom-resistance-loop-bands--resistance-exercise-bands-set-workout-bands-flex-bands-for-home-fitness,-stretching,-strength-training,-physical-therapy,-yoga-…/p/p/?o=p-1",28.60,49,41% Off,5.0,3,y,y
20,"Generic Cork Yoga Blocks, 2 Pack, 22.8x15.2x7.6cm, High Density Solid Natural Cork Yoga Brick with Comfortable Edge to Improve Balance, Strength and Flexibility …","https://www.noon.com/uae-en/generic-cork-yoga-blocks,-2-pack,-22.8x15.2x7.6cm,-high-density-solid-natural-cork-yoga-brick-with-comfortable-edge-to-improve-balance,-strength-and-flexibility-…/p/p/?o=p-1",66.80,,,,,n,y
21,Gaiam Yoga Mat Bag …,https://www.noon.com/uae-en/gaiam-yoga-mat-bag-…/p/p/?o=p-1,194.50,309,37% Off,,,n,y
22,Generic COOLBABY Pilates Yoga Wedge Massage Correction Yoga Foam Kyphosis Correction Detachable Large Spine Yoga Equipment …,https://www.noon.com/uae-en/generic-coolbaby-pilates-yoga-wedge-massage-correction-yoga-foam-kyphosis-correction-detachable-large-spine-yoga-equipment-…/p/p/?o=p-1,269.10,299,9% Off,,,n,y
23,"MahMir Mahmir® EVA Foam Roller for Yoga, Deep Tissue Massage, Stretching, Physical Therapy, Relieve Stress, Improve Mobility with Foam Roller for Legs and Muscles - Deep Tissue Massage Tool (Light Blue) …","https://www.noon.com/uae-en/mahmir-mahmir®-eva-foam-roller-for-yoga,-deep-tissue-massage,-stretching,-physical-therapy,-relieve-stress,-improve-mobility-with-foam-roller-for-legs-and-muscles---deep-tissue-massage-tool-(light-blue)-…/p/p/?o=p-1",29.95,,,3.4,3,y,y
24,"LYNLYN 1.5m Resistance Bands for Yoga, Pilates, Strength Training, Elastic Bands for Flexibility, Rehab, Fitness, Ideal for Men & Women (Purple) …","https://www.noon.com/uae-en/lynlyn-1.5m-resistance-bands-for-yoga,-pilates,-strength-training,-elastic-bands-for-flexibility,-rehab,-fitness,-ideal-for-men-&-women-(purple)-…/p/p/?o=p-1",29,79,63% Off,,,y,y
25,YQbest Yoga Barre Socks Non Slip Anti Skid Sticky Silicone Grips Cotton for Pilates Gym Pure Ballet Dance Barefoot Workout Ankle Multiuse Black Grey Skin Color 3Pcs …,https://www.noon.com/uae-en/yqbest-yoga-barre-socks-non-slip-anti-skid-sticky-silicone-grips-cotton-for-pilates-gym-pure-ballet-dance-barefoot-workout-ankle-multiuse-black-grey-skin-color-3pcs-…/p/p/?o=p-1,48,69,30% Off,,,y,y
26,Generic Pilates Yoga Wedge Massage Correction Yoga Foam Kyphosis Correction Detachable Large Spine Yoga Equipment …,https://www.noon.com/uae-en/generic-pilates-yoga-wedge-massage-correction-yoga-foam-kyphosis-correction-detachable-large-spine-yoga-equipment-…/p/p/?o=p-1,239.20,299,20% Off,,,n,y
27,"NNEWVANTE Nnewvante Silk Sleep Mask, 2 Pack 100% Real Natural Pure Silk Eye Mask with Adjustable Strap, Eye Mask for Sleeping, Eye Sleep Shade Cover, Blocks Light Reduces Puffy Eyes Gifts …","https://www.noon.com/uae-en/nnewvante-nnewvante-silk-sleep-mask,-2-pack-100%-real-natural-pure-silk-eye-mask-with-adjustable-strap,-eye-mask-for-sleeping,-eye-sleep-shade-cover,-blocks-light-reduces-puffy-eyes-gifts-…/p/p/?o=p-1",23.95,35.95,33% Off,3.5,5,y,y
28,Adidas Training Mat - 10Mm - Red …,https://www.noon.com/uae-en/adidas-training-mat---10mm---red-…/p/p/?o=p-1,132,195,32% Off,,,n,y
29,Generic Pilates Yoga Wedge Massage Correction Yoga Foam Kyphosis Correction Detachable Large Spine Yoga Equipment …,https://www.noon.com/uae-en/generic-pilates-yoga-wedge-massage-correction-yoga-foam-kyphosis-correction-detachable-large-spine-yoga-equipment-…/p/p/?o=p-1,299,,,,,n,y
30,"Longchamp Longchamp women's large tote bag, handbag, shoulder bag, navy blue classic style Topic: …","https://www.noon.com/uae-en/longchamp-longchamp-women's-large-tote-bag,-handbag,-shoulder-bag,-navy-blue-classic-style-topic:-…/p/p/?o=p-1",161.70,399.90,59% Off,,,n,y
31,Prickly Pear Ink Rollable 4mm Non Slip Yoga Mat With Carry Strap/ Stretching Tool …,https://www.noon.com/uae-en/prickly-pear-ink-rollable-4mm-non-slip-yoga-mat-with-carry-strap/-stretching-tool-…/p/p/?o=p-1,275,330,16% Off,,,n,y
32,ShebSheb Pilates Yoga Mat Thick Non Slip Exercise Mats 8mm TPE for Yoga Workout Pilates Yoga Mats for Women Men …,https://www.noon.com/uae-en/shebsheb-pilates-yoga-mat-thick-non-slip-exercise-mats-8mm-tpe-for-yoga-workout-pilates-yoga-mats-for-women-men-…/p/p/?o=p-1,59.90,,,4.5,11,n,y
33,"Align-Pilates Align-Pilates Jump Board - Compatible with C, F, R & H-Series Pilates Reformers, Durable & Versatile Accessory …","https://www.noon.com/uae-en/align-pilates-align-pilates-jump-board---compatible-with-c,-f,-r-&-h-series-pilates-reformers,-durable-&-versatile-accessory-…/p/p/?o=p-1",590,695,15% Off,,,n,y
34,"RIOXS Yoga Pilates Kits,Yoga Circle And Yoga Blocks Sets,32cm Yoga Wheel With 2 Pcs Yoga Foam Blocks,For Waist Back Training,Durable Professional Pilates Exercise Tools …","https://www.noon.com/uae-en/rioxs-yoga-pilates-kits,yoga-circle-and-yoga-blocks-sets,32cm-yoga-wheel-with-2-pcs-yoga-foam-blocks,for-waist-back-training,durable-professional-pilates-exercise-tools-…/p/p/?o=p-1",64,90,28% Off,,,n,y
35,"Longchamp Longchamp women's large tote bag, handbag, shoulder bag black classic style …","https://www.noon.com/uae-en/longchamp-longchamp-women's-large-tote-bag,-handbag,-shoulder-bag-black-classic-style-…/p/p/?o=p-1",161.70,399.90,59% Off,,,y,y
36,ORiTi Stretch Strap with Exercise Guide Versatile Multi-Loop Perfect for Yoga Pilates and Physical Therapy Portable Helps Improve Flexibility …,https://www.noon.com/uae-en/oriti-stretch-strap-with-exercise-guide-versatile-multi-loop-perfect-for-yoga-pilates-and-physical-therapy-portable-helps-improve-flexibility-…/p/p/?o=p-1,28,29,,4.8,3,n,y
37,"RIOXS Yoga Pilates Kits-Non slip Yoga Mat + 5 Pcs Resistance Band,Sports Fitness Gym Strength Training,Rubber Loops Elastic Bands,Fitness Yoga Exercise Pull Rope Mat …","https://www.noon.com/uae-en/rioxs-yoga-pilates-kits-non-slip-yoga-mat-+-5-pcs-resistance-band,sports-fitness-gym-strength-training,rubber-loops-elastic-bands,fitness-yoga-exercise-pull-rope-mat-…/p/p/?o=p-1",69,89,22% Off,5.0,2,n,y
38,"Longchamp Longchamp Women's Mini Makeup Bag, Handbag, Shoulder Bag Steel Grey Classic …","https://www.noon.com/uae-en/longchamp-longchamp-women's-mini-makeup-bag,-handbag,-shoulder-bag-steel-grey-classic-…/p/p/?o=p-1",147.50,399.90,63% Off,,,n,y
39,Generic Yoga Mat Bag with Water Bottle Pocket and Bottom Wet Compartment - Multifunctional Sports Yoga Mat Carrier and Storage Bag …,https://www.noon.com/uae-en/generic-yoga-mat-bag-with-water-bottle-pocket-and-bottom-wet-compartment---multifunctional-sports-yoga-mat-carrier-and-storage-bag-…/p/p/?o=p-1,56.95,99,42% Off,,,n,y
40,"GROIC 2 Pack Yoga Blocks,High Density EVA Foam Blocks for Yoga, Pilates, Meditation , Aid Balance, Support and Deepen Poses,Body Stretching Foam Blocks,Yoga Brick Foam Blocks …","https://www.noon.com/uae-en/groic-2-pack-yoga-blocks,high-density-eva-foam-blocks-for-yoga,-pilates,-meditation-,-aid-balance,-support-and-deepen-poses,body-stretching-foam-blocks,yoga-brick-foam-blocks-…/p/p/?o=p-1",87.20,400,78% Off,4.4,3,n,y
41,ShebSheb Foldable Yoga Mat Sport Mat Lightweight And 6mm Thick TPE Yoga Mat Non Slip For Yoga Pilates Fitness Workouts Travel …,https://www.noon.com/uae-en/shebsheb-foldable-yoga-mat-sport-mat-lightweight-and-6mm-thick-tpe-yoga-mat-non-slip-for-yoga-pilates-fitness-workouts-travel-…/p/p/?o=p-1,59.90,,,5.0,8,n,y
42,Generic Round Massager Roller For Waist Abdominal Muscles Ring Leg Clip Stovepipe To Clear The Meridian Portable Cellulite Massage …,https://www.noon.com/uae-en/generic-round-massager-roller-for-waist-abdominal-muscles-ring-leg-clip-stovepipe-to-clear-the-meridian-portable-cellulite-massage-…/p/p/?o=p-1,140,,,,,n,y
43,"Generic 5 Packs Cooling Towel, Quick Dry Sports Towel for Yoga Fitness Golf Tennis Camping Games，Fitness Towel(30x80cm) …","https://www.noon.com/uae-en/generic-5-packs-cooling-towel,-quick-dry-sports-towel-for-yoga-fitness-golf-tennis-camping-games，fitness-towel(30x80cm)-…/p/p/?o=p-1",28.90,79.95,63% Off,,,y,y
44,"MahMir Mahmir® EVA Foam Roller for Yoga, Deep Tissue Massage, Stretching, Physical Therapy, Relieve Stress, Improve Mobility with Foam Roller for Legs and Muscles - Deep Tissue Massage Tool (Pink) …","https://www.noon.com/uae-en/mahmir-mahmir®-eva-foam-roller-for-yoga,-deep-tissue-massage,-stretching,-physical-therapy,-relieve-stress,-improve-mobility-with-foam-roller-for-legs-and-muscles---deep-tissue-massage-tool-(pink)-…/p/p/?o=p-1",29.95,,,4.0,8,y,y
45,"Qiccijoo Qiccijoo Ankle Weights Set 1 Pair 4kg(8.8lb) Workout Ankle Weights for Women or Men Wrist Leg Weights for Fitness,Running,Walking,2*2kg(4.4lb) - Blue …","https://www.noon.com/uae-en/qiccijoo-qiccijoo-ankle-weights-set-1-pair-4kg(8.8lb)-workout-ankle-weights-for-women-or-men-wrist-leg-weights-for-fitness,running,walking,2*2kg(4.4lb)---blue-…/p/p/?o=p-1",89,,,,,y,y
46,Align-Pilates Platform Extender FAlign-Pilates Platform Extender - Compatible with C-Series Pilates Reformers for Enhanced Exercisesor C-Series Reformer …,https://www.noon.com/uae-en/align-pilates-platform-extender-falign-pilates-platform-extender---compatible-with-c-series-pilates-reformers-for-enhanced-exercisesor-c-series-reformer-…/p/p/?o=p-1,360,390,7% Off,,,n,y
47,"RIOXS Sit-up Bar With Yoga Mat,Adjustable Push-up Bar With Non-slip Mat For Yoga Pilates Fitness,Portable Sit-up Equipment,Multifunction Abdominal Exercise,Floor Mounted Sit Up Device …","https://www.noon.com/uae-en/rioxs-sit-up-bar-with-yoga-mat,adjustable-push-up-bar-with-non-slip-mat-for-yoga-pilates-fitness,portable-sit-up-equipment,multifunction-abdominal-exercise,floor-mounted-sit-up-device-…/p/p/?o=p-1",64.80,95,31% Off,,,n,y
48,"Longchamp Longchamp women's large tote bag, handbag, shoulder bag black classic style …","https://www.noon.com/uae-en/longchamp-longchamp-women's-large-tote-bag,-handbag,-shoulder-bag-black-classic-style-…/p/p/?o=p-1",161.70,399.90,59% Off,,,n,y
49,body heart Yoga Ball With Air Pump - 75 cm 75cm 75cm …,https://www.noon.com/uae-en/body-heart-yoga-ball-with-air-pump---75-cm-75cm-75cm-…/p/p/?o=p-1,27.25,38.15,28% Off,4.2,173,n,y
50,"MahMir MahMir® Yoga Cork Block – Supportive, Sustainable Cork with Non-Slip Surface, Exercise Accessory for Yoga, Pilates, and General Fitness, Natural Cork Blocks Size 9""x6""x3"" (2pcs pack) …","https://www.noon.com/uae-en/mahmir-mahmir®-yoga-cork-block-–-supportive,-sustainable-cork-with-non-slip-surface,-exercise-accessory-for-yoga,-pilates,-and-general-fitness,-natural-cork-blocks-size-9""x6""x3""-(2pcs-pack)-…/p/p/?o=p-1",59.95,69.95,14% Off,4.7,4,n,n
51,"RIOXS Thick Yoga Mat with Carrier Strap, Non-Slip High-density Exercise Mat, Pilates Fitness Mat, Non-toxic Odorless Mat, Easy to Store and Clean, 183*61*0.6cm …","https://www.noon.com/uae-en/rioxs-thick-yoga-mat-with-carrier-strap,-non-slip-high-density-exercise-mat,-pilates-fitness-mat,-non-toxic-odorless-mat,-easy-to-store-and-clean,-183*61*0.6cm-…/p/p/?o=p-1",59,,,2.8,3,n,y
52,"GROIC Yoga Mat Bag with Bottom Pocket,Exercise Yoga Mat Carrier Multi-Functional Storage Bag,Yoga Gym Bag,Yoga Mat Carrier Bag for Class Workout Park …","https://www.noon.com/uae-en/groic-yoga-mat-bag-with-bottom-pocket,exercise-yoga-mat-carrier-multi-functional-storage-bag,yoga-gym-bag,yoga-mat-carrier-bag-for-class-workout-park-…/p/p/?o=p-1",55.65,200,72% Off,4.0,1,n,y
53,Adidas Fitness Mat - 10Mm - Red …,https://www.noon.com/uae-en/adidas-fitness-mat---10mm---red-…/p/p/?o=p-1,105,155,32% Off,,,n,y
54,Gaiam Yoga Beginners Kit Lily Shadow …,https://www.noon.com/uae-en/gaiam-yoga-beginners-kit-lily-shadow-…/p/p/?o=p-1,158,289,45% Off,,,n,y
55,"Gerenic Yoga Balance Wheel, 18.5cm/7.3in Width Yoga Balance Circle, Yoga Prop Wheel for Yoga Poses Increasing Flexibility, Yoga Stretching Wheel Non Slip, Perfect Yoga Prop for Beginner …","https://www.noon.com/uae-en/gerenic-yoga-balance-wheel,-18.5cm/7.3in-width-yoga-balance-circle,-yoga-prop-wheel-for-yoga-poses-increasing-flexibility,-yoga-stretching-wheel-non-slip,-perfect-yoga-prop-for-beginner-…/p/p/?o=p-1",133,,,,,n,y
56,Generic Pilates Yoga Wedge Massage Correction Yoga Foam Kyphosis Correction Detachable Large Spine Yoga Equipment …,https://www.noon.com/uae-en/generic-pilates-yoga-wedge-massage-correction-yoga-foam-kyphosis-correction-detachable-large-spine-yoga-equipment-…/p/p/?o=p-1,269.10,299,9% Off,,,n,y
57,"GO2CAMPS Alsaqer Hasir Mat | Travel Foldable Mat | Outdoor Picnic Mat | Arabic Haseer Mat Foldable (2x3 Mtr) Majlis Mat | Plastic Beachmat | Outdoor Camping Mat | Yoga Mat, Prayer Mat (Multicolour) …","https://www.noon.com/uae-en/go2camps-alsaqer-hasir-mat-|-travel-foldable-mat-|-outdoor-picnic-mat-|-arabic-haseer-mat-foldable-(2x3-mtr)-majlis-mat-|-plastic-beachmat-|-outdoor-camping-mat-|-yoga-mat,-prayer-mat-(multicolour)-…/p/p/?o=p-1",39.95,49.95,20% Off,,,n,y
58,Prickly Pear Prickly Pear Daydream Yoga Mat Suede Top Non-Slip 4mm - Premium Yoga Mat with Suede Top and Strap Ideal for Home or Studio Use …,https://www.noon.com/uae-en/prickly-pear-prickly-pear-daydream-yoga-mat-suede-top-non-slip-4mm---premium-yoga-mat-with-suede-top-and-strap-ideal-for-home-or-studio-use-…/p/p/?o=p-1,275,415,33% Off,,,n,y
59,"Gerenic Yoga Balance Wheel, 18.5cm/7.3in Width Yoga Balance Circle, Yoga Prop Wheel for Yoga Poses Increasing Flexibility, Yoga Stretching Wheel Non Slip, Perfect Yoga Prop for Beginner …","https://www.noon.com/uae-en/gerenic-yoga-balance-wheel,-18.5cm/7.3in-width-yoga-balance-circle,-yoga-prop-wheel-for-yoga-poses-increasing-flexibility,-yoga-stretching-wheel-non-slip,-perfect-yoga-prop-for-beginner-…/p/p/?o=p-1",133,,,,,n,y
60,Nu-Source Yoga Block 3 x 9 x 6inch …,https://www.noon.com/uae-en/nu-source-yoga-block-3-x-9-x-6inch-…/p/p/?o=p-1,22.55,29,22% Off,3.9,11,n,y
61,"YooA 3-Pair Non-slip Yoga Socks, Cotton Pilates Socks with Straps, Breathable&Moisture-wicking&Machine-washable, Ideal for Yoga/Pilates/Ballet/Dance/Workout (Purple+Black+Grey, Fit Size 36-42) …","https://www.noon.com/uae-en/yooa-3-pair-non-slip-yoga-socks,-cotton-pilates-socks-with-straps,-breathable&moisture-wicking&machine-washable,-ideal-for-yoga/pilates/ballet/dance/workout-(purple+black+grey,-fit-size-36-42)-…/p/p/?o=p-1",35.80,50,28% Off,5.0,3,n,y
62,Generic 6 Pairs Anti Slip Yoga Socks For Women，Non Slip Socks Pilates Socks For Yoga，Pilates，Ballet，Dance，Workout …,https://www.noon.com/uae-en/generic-6-pairs-anti-slip-yoga-socks-for-women，non-slip-socks-pilates-socks-for-yoga，pilates，ballet，dance，workout-…/p/p/?o=p-1,39.90,,,,,n,y
63,Reebok Yoga Mat - 5Mm - Red …,https://www.noon.com/uae-en/reebok-yoga-mat---5mm---red-…/p/p/?o=p-1,173,255,32% Off,,,n,y
64,Generic Foam Roller …,https://www.noon.com/uae-en/generic-foam-roller-…/p/p/?o=p-1,78,,,4.7,11,n,n
65,RIOXS 2 Pair Sandbag for Leg Weights and Wrist Weights with Adjustable Strap for Fitness Resistance Training Running Training Exercise Gym Running SandBag …,https://www.noon.com/uae-en/rioxs-2-pair-sandbag-for-leg-weights-and-wrist-weights-with-adjustable-strap-for-fitness-resistance-training-running-training-exercise-gym-running-sandbag-…/p/p/?o=p-1,43.20,55,21% Off,5.0,2,n,n
66,Generic Anti-Tear Exercise Mat With Carrying Strap 60x10cm 60x10cm …,https://www.noon.com/uae-en/generic-anti-tear-exercise-mat-with-carrying-strap-60x10cm-60x10cm-…/p/p/?o=p-1,34.35,,,4.2,1.4K,n,y
1,serenity axis sports yoga bag (unisex) …,https://www.noon.com/uae-en/serenity-axis-sports-yoga-bag-(unisex)-…/p/p/?o=p-1,90,150,40% Off,,,y,n
2,serenity axis cork yoga mat (blue lotus) …,https://www.noon.com/uae-en/serenity-axis-cork-yoga-mat-(blue-lotus)-…/p/p/?o=p-1,270,450,40% Off,,,y,n
3,serenity axis female yoga bag …,https://www.noon.com/uae-en/serenity-axis-female-yoga-bag-…/p/p/?o=p-1,90,150,40% Off,,,y,n
4,"Spall Yoga Mat Non Slip,Yoga Mat with Strap Included 10mm Thick Exercise Mat Yoga and Many Other Home Workouts …","https://www.noon.com/uae-en/spall-yoga-mat-non-slip,yoga-mat-with-strap-included-10mm-thick-exercise-mat-yoga-and-many-other-home-workouts-…/p/p/?o=p-1",42,80,47% Off,5.0,5,n,y
5,"GROIC Yoga Mat Bag with Bottom Pocket,Exercise Yoga Mat Carrier Multi-Functional Storage Bag,Yoga Gym Bag,Yoga Mat Carrier Bag for Class Workout Park …","https://www.noon.com/uae-en/groic-yoga-mat-bag-with-bottom-pocket,exercise-yoga-mat-carrier-multi-functional-storage-bag,yoga-gym-bag,yoga-mat-carrier-bag-for-class-workout-park-…/p/p/?o=p-1",55.65,200,72% Off,4.0,1,n,y
6,"Eworld Anti-slip Yoga Sports and Exercise Mat with Carrying Strap Water Repellent Moisture Proof for Home and Gym, Grey …","https://www.noon.com/uae-en/eworld-anti-slip-yoga-sports-and-exercise-mat-with-carrying-strap-water-repellent-moisture-proof-for-home-and-gym,-grey-…/p/p/?o=p-1",34.95,,,,,y,y
7,serenity axis cork yoga mat ( mandalah ) …,https://www.noon.com/uae-en/serenity-axis-cork-yoga-mat-(-mandalah-)-…/p/p/?o=p-1,270,450,40% Off,,,y,n
8,serenity axis cork yoga mat (The five ) …,https://www.noon.com/uae-en/serenity-axis-cork-yoga-mat-(the-five-)-…/p/p/?o=p-1,270,450,40% Off,,,y,n
9,"RIOXS Yoga Pilates Kits,Yoga Circle And Yoga Blocks Sets,32cm Yoga Wheel With 2 Pcs Yoga Foam Blocks,For Waist Back Training,Durable Professional Pilates Exercise Tools …","https://www.noon.com/uae-en/rioxs-yoga-pilates-kits,yoga-circle-and-yoga-blocks-sets,32cm-yoga-wheel-with-2-pcs-yoga-foam-blocks,for-waist-back-training,durable-professional-pilates-exercise-tools-…/p/p/?o=p-1",64,90,28% Off,,,n,y
10,DBLEW Professional 9mm Thick Anti Fatigue Yoga Mat Knees Supportive Non Slip Fitness Home Exercise Eco Friendly Ideal For All Types Of Pilates Floor Workouts Gym Stretching Grip Rug 60x185cm …,https://www.noon.com/uae-en/dblew-professional-9mm-thick-anti-fatigue-yoga-mat-knees-supportive-non-slip-fitness-home-exercise-eco-friendly-ideal-for-all-types-of-pilates-floor-workouts-gym-stretching-grip-rug-60x185cm-…/p/p/?o=p-1,35.55,100,64% Off,3.6,5,n,y
11,Emfil Anti Skid Yoga Mat …,https://www.noon.com/uae-en/emfil-anti-skid-yoga-mat-…/p/p/?o=p-1,30.05,,,4.5,387,n,y
12,MahMir MahMir Yoga Mat Anti-Slip Exercise Mat with Carrying Bag Fitness Mat for Pilates 183CM*61CM*6MM Thickness for Woman Man Beginners  Light Green+Black …,https://www.noon.com/uae-en/mahmir-mahmir-yoga-mat-anti-slip-exercise-mat-with-carrying-bag-fitness-mat-for-pilates-183cm*61cm*6mm-thickness-for-woman-man-beginners--light-green+black-…/p/p/?o=p-1,49.95,69.95,28% Off,4.3,27,n,y
13,"RIOXS Yoga Cushion,Round Yoga Bolster,Zabuton Meditation Pad,Fitness Meditation Bolster With Organic Cotton Cover Kneeling Pillow,Premium Yoga Pillow For Sitting On Floor Zippered Cotton Cover …","https://www.noon.com/uae-en/rioxs-yoga-cushion,round-yoga-bolster,zabuton-meditation-pad,fitness-meditation-bolster-with-organic-cotton-cover-kneeling-pillow,premium-yoga-pillow-for-sitting-on-floor-zippered-cotton-cover-…/p/p/?o=p-1",51,59,13% Off,5.0,2,n,n
14,"Lemon 4-Pair Non-slip Yoga Socks, Cotton Pilates Socks with Straps, Breathable&Moisture-Wicking&Machine-Washable, Ideal for Yoga/Pilates/Ballet/Dance/Workout (Pink+Black+Grey+Brown, Fit Size 36-42) …","https://www.noon.com/uae-en/lemon-4-pair-non-slip-yoga-socks,-cotton-pilates-socks-with-straps,-breathable&moisture-wicking&machine-washable,-ideal-for-yoga/pilates/ballet/dance/workout-(pink+black+grey+brown,-fit-size-36-42)-…/p/p/?o=p-1",39.20,56,29% Off,,,y,y
15,"Vparty Thick Yoga Mat for Home Workout,183x61x0.6cm Non-Slip Exercise Fitness Yoga Mats,Eco-Friendly TPE Exercise Mats for Home Workout with strap & Carrying Bag …","https://www.noon.com/uae-en/vparty-thick-yoga-mat-for-home-workout,183x61x0.6cm-non-slip-exercise-fitness-yoga-mats,eco-friendly-tpe-exercise-mats-for-home-workout-with-strap-&-carrying-bag-…/p/p/?o=p-1",59.90,69.95,14% Off,5.0,3,y,n
16,Fitness World Exercise Swiss Ball 75cm …,https://www.noon.com/uae-en/fitness-world-exercise-swiss-ball-75cm-…/p/p/?o=p-1,32.45,38.05,14% Off,4.2,48,n,y
17,Made2Motivate Sensory Compression Swing for Kids with Special Needs | Sensory Compression Swing - A Therapeutic and Calming Solution for Sensory Processing Disorder …,https://www.noon.com/uae-en/made2motivate-sensory-compression-swing-for-kids-with-special-needs-|-sensory-compression-swing---a-therapeutic-and-calming-solution-for-sensory-processing-disorder-…/p/p/?o=p-1,250,,,,,n,n
18,KINGSMITH Kingsmith WalkingPad Mat …,https://www.noon.com/uae-en/kingsmith-kingsmith-walkingpad-mat-…/p/p/?o=p-1,95,,,,,n,y
19,"TYCOM Tycom Resistance Loop Bands- Resistance Exercise Bands Set Workout Bands Flex bands for Home Fitness, Stretching, Strength Training, Physical Therapy, Yoga …","https://www.noon.com/uae-en/tycom-tycom-resistance-loop-bands--resistance-exercise-bands-set-workout-bands-flex-bands-for-home-fitness,-stretching,-strength-training,-physical-therapy,-yoga-…/p/p/?o=p-1",28.60,49,41% Off,5.0,3,y,y
20,"HY Women's Pilates Grip Socks Five Finger Yoga Socks, Full Toe Grip Non-Slip Socks for Yoga, Pilates, Barre, Dance Black …","https://www.noon.com/uae-en/hy-women's-pilates-grip-socks-five-finger-yoga-socks,-full-toe-grip-non-slip-socks-for-yoga,-pilates,-barre,-dance-black-…/p/p/?o=p-1",31.60,70,54% Off,5.0,1,n,y
21,OASIS-TH 5 Pairs Yoga Socks for Women Nylon Pure Cotton Non slip Section Bandage Sports Ballet Dance Sock Moisture Absorption Perspiration …,https://www.noon.com/uae-en/oasis-th-5-pairs-yoga-socks-for-women-nylon-pure-cotton-non-slip-section-bandage-sports-ballet-dance-sock-moisture-absorption-perspiration-…/p/p/?o=p-1,41,89,53% Off,,,n,y
22,TOEON Anti-Slip Fitness Gliding Disc 7x4inch …,https://www.noon.com/uae-en/toeon-anti-slip-fitness-gliding-disc-7x4inch-…/p/p/?o=p-1,18.80,40,53% Off,4.7,7,n,y
23,"MahMir Mahmir® EVA Foam Roller for Yoga, Deep Tissue Massage, Stretching, Physical Therapy, Relieve Stress, Improve Mobility with Foam Roller for Legs and Muscles - Deep Tissue Massage Tool (Light Blue) …","https://www.noon.com/uae-en/mahmir-mahmir®-eva-foam-roller-for-yoga,-deep-tissue-massage,-stretching,-physical-therapy,-relieve-stress,-improve-mobility-with-foam-roller-for-legs-and-muscles---deep-tissue-massage-tool-(light-blue)-…/p/p/?o=p-1",29.95,,,3.4,3,y,y
24,"LYNLYN 1.5m Resistance Bands for Yoga, Pilates, Strength Training, Elastic Bands for Flexibility, Rehab, Fitness, Ideal for Men & Women (Purple) …","https://www.noon.com/uae-en/lynlyn-1.5m-resistance-bands-for-yoga,-pilates,-strength-training,-elastic-bands-for-flexibility,-rehab,-fitness,-ideal-for-men-&-women-(purple)-…/p/p/?o=p-1",29,79,63% Off,,,y,y
25,YQbest Yoga Barre Socks Non Slip Anti Skid Sticky Silicone Grips Cotton for Pilates Gym Pure Ballet Dance Barefoot Workout Ankle Multiuse Black Grey Skin Color 3Pcs …,https://www.noon.com/uae-en/yqbest-yoga-barre-socks-non-slip-anti-skid-sticky-silicone-grips-cotton-for-pilates-gym-pure-ballet-dance-barefoot-workout-ankle-multiuse-black-grey-skin-color-3pcs-…/p/p/?o=p-1,48,69,30% Off,,,y,y
26,Generic 6 Pairs Anti Slip Yoga Socks For Women，Non Slip Socks Pilates Socks For Yoga，Pilates，Ballet，Dance，Workout …,https://www.noon.com/uae-en/generic-6-pairs-anti-slip-yoga-socks-for-women，non-slip-socks-pilates-socks-for-yoga，pilates，ballet，dance，workout-…/p/p/?o=p-1,36,,,5.0,2,n,y
27,"NNEWVANTE Nnewvante Silk Sleep Mask, 2 Pack 100% Real Natural Pure Silk Eye Mask with Adjustable Strap, Eye Mask for Sleeping, Eye Sleep Shade Cover, Blocks Light Reduces Puffy Eyes Gifts …","https://www.noon.com/uae-en/nnewvante-nnewvante-silk-sleep-mask,-2-pack-100%-real-natural-pure-silk-eye-mask-with-adjustable-strap,-eye-mask-for-sleeping,-eye-sleep-shade-cover,-blocks-light-reduces-puffy-eyes-gifts-…/p/p/?o=p-1",23.95,35.95,33% Off,3.5,5,y,y
28,Inder Yoga Sticks Training for Posture Corrector Humpback Correction Stick Yoga Open Back Men Women Posture Trainer Corrector …,https://www.noon.com/uae-en/inder-yoga-sticks-training-for-posture-corrector-humpback-correction-stick-yoga-open-back-men-women-posture-trainer-corrector-…/p/p/?o=p-1,23.25,39,40% Off,2.7,5,n,y
29,Generic Anti-Tear Exercise Mat With Carrying Strap 60x10cm 60x10cm …,https://www.noon.com/uae-en/generic-anti-tear-exercise-mat-with-carrying-strap-60x10cm-60x10cm-…/p/p/?o=p-1,34.35,,,4.2,1.4K,n,y
30,"Spall Yoga Mat Non Slip,Yoga Mat with Strap Included 10mm Thick Exercise Mat Yoga and Many Other Home Workouts …","https://www.noon.com/uae-en/spall-yoga-mat-non-slip,yoga-mat-with-strap-included-10mm-thick-exercise-mat-yoga-and-many-other-home-workouts-…/p/p/?o=p-1",42,80,47% Off,5.0,3,n,n
31,Body Builder Yoga Roller Column 33cm …,https://www.noon.com/uae-en/body-builder-yoga-roller-column-33cm-…/p/p/?o=p-1,47,49,,4.0,8,n,y
32,"GROIC 2 Pack Cooling Towel, Workout Towel Ice Towel for Neck, Fast Drying Towel Set Microfiber Towel Soft Breathable Chilly Towel for Sports Gym Yoga Camping Running Fitness 100 * 30 CM …","https://www.noon.com/uae-en/groic-2-pack-cooling-towel,-workout-towel-ice-towel-for-neck,-fast-drying-towel-set-microfiber-towel-soft-breathable-chilly-towel-for-sports-gym-yoga-camping-running-fitness-100-*-30-cm-…/p/p/?o=p-1",44.50,200,77% Off,,,n,y
33,LIXADA 11-Piece Yoga Resistance Belt With Bag 22x6x19.00cm …,https://www.noon.com/uae-en/lixada-11-piece-yoga-resistance-belt-with-bag-22x6x19.00cm-…/p/p/?o=p-1,24.70,32,22% Off,4.3,108,n,y
34,YQbest Yoga Barre Socks Non Slip Anti Skid Sticky Silicone Grips Cotton for Pilates Gym Pure Ballet Dance Barefoot Workout Ankle Multiuse Black Grey Skin Color 3Pcs …,https://www.noon.com/uae-en/yqbest-yoga-barre-socks-non-slip-anti-skid-sticky-silicone-grips-cotton-for-pilates-gym-pure-ballet-dance-barefoot-workout-ankle-multiuse-black-grey-skin-color-3pcs-…/p/p/?o=p-1,48,69,30% Off,,,n,y
35,"Longchamp Longchamp women's large tote bag, handbag, shoulder bag black classic style …","https://www.noon.com/uae-en/longchamp-longchamp-women's-large-tote-bag,-handbag,-shoulder-bag-black-classic-style-…/p/p/?o=p-1",161.70,399.90,59% Off,,,y,y
36,Gaiam Heather Grey Toeless Grippy Socks - S/M …,https://www.noon.com/uae-en/gaiam-heather-grey-toeless-grippy-socks---s/m-…/p/p/?o=p-1,37.85,66,42% Off,,,n,n
37,"RIGID FITNESS Thick Yoga Mat 8mm - Knees Supportive Exercise Mat - for Yoga, Pilates, Fitness Exercises and Home Exercise Fitness Mat - Non-Slip Yoga Gym Mat With Carrying Bag - 183*66cm (Green/Black) …","https://www.noon.com/uae-en/rigid-fitness-thick-yoga-mat-8mm---knees-supportive-exercise-mat---for-yoga,-pilates,-fitness-exercises-and-home-exercise-fitness-mat---non-slip-yoga-gym-mat-with-carrying-bag---183*66cm-(green/black)-…/p/p/?o=p-1",109.75,130.25,15% Off,4.4,17,n,y
38,"Spall Yoga Mat Non Slip,Yoga Mat with Strap Included 10mm Thick Exercise Mat Yoga and Many Other Home Workouts …","https://www.noon.com/uae-en/spall-yoga-mat-non-slip,yoga-mat-with-strap-included-10mm-thick-exercise-mat-yoga-and-many-other-home-workouts-…/p/p/?o=p-1",46.20,80,42% Off,,,n,y
39,QiaoKai Yoga Foam Roller …,https://www.noon.com/uae-en/qiaokai-yoga-foam-roller-…/p/p/?o=p-1,49.85,,,3.7,12,n,y
40,"Unique Resistance Bands, Elastic Exercise Bands for Working Out, Physical Therapy, Recovery, Yoga, Pilates, Strength Training …","https://www.noon.com/uae-en/unique-resistance-bands,-elastic-exercise-bands-for-working-out,-physical-therapy,-recovery,-yoga,-pilates,-strength-training-…/p/p/?o=p-1",23.50,49.95,52% Off,4.9,5,n,y
41,"GROIC Yoga Mat, Extra Wide 72.8""x 31.5"" x 0.24"" Pilates Fitness Mats with Alignment Marks, Non Slip Fitness Yoga Mats, Exercise Mats for Yoga Pilates Home Floor Workout with Carrying Sling and Storage Bag …","https://www.noon.com/uae-en/groic-yoga-mat,-extra-wide-72.8""x-31.5""-x-0.24""-pilates-fitness-mats-with-alignment-marks,-non-slip-fitness-yoga-mats,-exercise-mats-for-yoga-pilates-home-floor-workout-with-carrying-sling-and-storage-bag-…/p/p/?o=p-1",114.85,250,54% Off,3.7,3,n,y
42,ZCM-HAPPY 2 Piece Set Of Yoga Props Bricks …,https://www.noon.com/uae-en/zcm-happy-2-piece-set-of-yoga-props-bricks-…/p/p/?o=p-1,25,,,4.7,7,n,y
43,"Generic 5 Packs Cooling Towel, Quick Dry Sports Towel for Yoga Fitness Golf Tennis Camping Games，Fitness Towel(30x80cm) …","https://www.noon.com/uae-en/generic-5-packs-cooling-towel,-quick-dry-sports-towel-for-yoga-fitness-golf-tennis-camping-games，fitness-towel(30x80cm)-…/p/p/?o=p-1",28.90,79.95,63% Off,,,y,y
44,"MahMir Mahmir® EVA Foam Roller for Yoga, Deep Tissue Massage, Stretching, Physical Therapy, Relieve Stress, Improve Mobility with Foam Roller for Legs and Muscles - Deep Tissue Massage Tool (Pink) …","https://www.noon.com/uae-en/mahmir-mahmir®-eva-foam-roller-for-yoga,-deep-tissue-massage,-stretching,-physical-therapy,-relieve-stress,-improve-mobility-with-foam-roller-for-legs-and-muscles---deep-tissue-massage-tool-(pink)-…/p/p/?o=p-1",29.95,,,4.0,8,y,y
45,"Qiccijoo Qiccijoo Ankle Weights Set 1 Pair 4kg(8.8lb) Workout Ankle Weights for Women or Men Wrist Leg Weights for Fitness,Running,Walking,2*2kg(4.4lb) - Blue …","https://www.noon.com/uae-en/qiccijoo-qiccijoo-ankle-weights-set-1-pair-4kg(8.8lb)-workout-ankle-weights-for-women-or-men-wrist-leg-weights-for-fitness,running,walking,2*2kg(4.4lb)---blue-…/p/p/?o=p-1",89,,,,,y,y
46,Loquat Adult Soft Bottom Dance Shoes Ballet Yoga Shoes Dancing Shoes Beige Color …,https://www.noon.com/uae-en/loquat-adult-soft-bottom-dance-shoes-ballet-yoga-shoes-dancing-shoes-beige-color-…/p/p/?o=p-1,39,,,,,n,y
47,"RIGID FITNESS 6mm Anti-Slip TPE Yoga Mat with Strap, Bag - Knee Support, Non-Slip, Lightweight for Yoga, Pilates, Fitness, Home Workouts 183*66 cm (Gold/Black) …","https://www.noon.com/uae-en/rigid-fitness-6mm-anti-slip-tpe-yoga-mat-with-strap,-bag---knee-support,-non-slip,-lightweight-for-yoga,-pilates,-fitness,-home-workouts-183*66-cm-(gold/black)-…/p/p/?o=p-1",74.95,89.95,16% Off,4.4,11,n,y
48,"ZCM-HAPPY Yoga Mat with Straps, Non-Slip TPE Pilates Fitness Mat for Home Exercise and Meditation 183x61x0.6cm …","https://www.noon.com/uae-en/zcm-happy-yoga-mat-with-straps,-non-slip-tpe-pilates-fitness-mat-for-home-exercise-and-meditation-183x61x0.6cm-…/p/p/?o=p-1",44,,,,,n,y
49,spa luxetique Gym Flooring EVA Foam Floor 32 Pcs for Home Gym Interlocking Exercise Mat Tiles for Home Gym Exercise EVA Foam Floor Padding with Border for Workout Equipment Floor Padding for Kids Baby Play Mat …,https://www.noon.com/uae-en/spa-luxetique-gym-flooring-eva-foam-floor-32-pcs-for-home-gym-interlocking-exercise-mat-tiles-for-home-gym-exercise-eva-foam-floor-padding-with-border-for-workout-equipment-floor-padding-for-kids-baby-play-mat-…/p/p/?o=p-1,77,100,23% Off,,,n,y
50,ALSAQER Alsaqer Hasir Mat | Travel Foldable Mat | Outdoor Picnic Mat | Arabic Haseer Mat Foldable (2x3 Mtr) Majlis Mat | Plastic Beachmat | Outdoor Camping Mat | Camping Carpet Picnic Mat (Multicolour) …,https://www.noon.com/uae-en/alsaqer-alsaqer-hasir-mat-|-travel-foldable-mat-|-outdoor-picnic-mat-|-arabic-haseer-mat-foldable-(2x3-mtr)-majlis-mat-|-plastic-beachmat-|-outdoor-camping-mat-|-camping-carpet-picnic-mat-(multicolour)-…/p/p/?o=p-1,49.95,59.95,16% Off,,,n,y
51,"RIOXS Thick Yoga Mat with Carrier Strap, Non-Slip High-density Exercise Mat, Pilates Fitness Mat, Non-toxic Odorless Mat, Easy to Store and Clean, 183*61*0.6cm …","https://www.noon.com/uae-en/rioxs-thick-yoga-mat-with-carrier-strap,-non-slip-high-density-exercise-mat,-pilates-fitness-mat,-non-toxic-odorless-mat,-easy-to-store-and-clean,-183*61*0.6cm-…/p/p/?o=p-1",59,,,2.8,3,n,y
52,"GGEROU Minimalist barefoot sock shoes for women and men,Non-Slip Beach Shoes Fitness Sports Shoe …","https://www.noon.com/uae-en/ggerou-minimalist-barefoot-sock-shoes-for-women-and-men,non-slip-beach-shoes-fitness-sports-shoe-…/p/p/?o=p-1",62.50,77.35,19% Off,,,n,y
53,"RIGID FITNESS Microfiber Quick Dry Towels - Silver Ion Technology Towel, Super Absorbent Gym Towel - Ideal Sweat Towel for Fitness, Camping, Travel - Suitable for Men & Women - 77x40cm (Set of 3) …","https://www.noon.com/uae-en/rigid-fitness-microfiber-quick-dry-towels---silver-ion-technology-towel,-super-absorbent-gym-towel---ideal-sweat-towel-for-fitness,-camping,-travel---suitable-for-men-&-women---77x40cm-(set-of-3)-…/p/p/?o=p-1",64.75,76,14% Off,4.4,8,n,n
54,"RIOXS Yoga Mat Non Slip Yoga Mat with Strap Included 6mm Thick Exercise Mat Ideal for HiiT, Pilates, Yoga and Many Other Home Workouts with Resistance Bands …","https://www.noon.com/uae-en/rioxs-yoga-mat-non-slip-yoga-mat-with-strap-included-6mm-thick-exercise-mat-ideal-for-hiit,-pilates,-yoga-and-many-other-home-workouts-with-resistance-bands-…/p/p/?o=p-1",69,105,34% Off,4.2,5,n,y
55,LACOSTE Lacoste Tote Bag Large Size Navy Blue …,https://www.noon.com/uae-en/lacoste-lacoste-tote-bag-large-size-navy-blue-…/p/p/?o=p-1,157.50,299,47% Off,,,n,y
56,AGD Non-Slip Yoga Mat 61x173cm …,https://www.noon.com/uae-en/agd-non-slip-yoga-mat-61x173cm-…/p/p/?o=p-1,32.75,39.85,17% Off,4.6,146,n,y
57,"GROIC Twist Hand Exerciser Bars, Resistance Bar for Physical Therapy, Flex Therapy Bar Strengthener, Twisting Hand Therapy Bar, Relieves Tendonitis Pain & Improve Grip Strength & Injury Recovery …","https://www.noon.com/uae-en/groic-twist-hand-exerciser-bars,-resistance-bar-for-physical-therapy,-flex-therapy-bar-strengthener,-twisting-hand-therapy-bar,-relieves-tendonitis-pain-&-improve-grip-strength-&-injury-recovery-…/p/p/?o=p-1",62.95,200,68% Off,,,n,y
58,Spall 6mm Thick Yoga Mats Anti-slip Sport Fitness Mat Blanket For Exercise Yoga And Pilates Gymnastics Mat Fitness Equipment …,https://www.noon.com/uae-en/spall-6mm-thick-yoga-mats-anti-slip-sport-fitness-mat-blanket-for-exercise-yoga-and-pilates-gymnastics-mat-fitness-equipment-…/p/p/?o=p-1,29,50,42% Off,4.5,2,n,y
59,"Vparty Thick Yoga Mat for Home Workout,183x61x0.6cm Non-Slip Exercise Fitness Yoga Mats,Eco-Friendly TPE Exercise Mats for Home Workout with strap & Carrying Bag …","https://www.noon.com/uae-en/vparty-thick-yoga-mat-for-home-workout,183x61x0.6cm-non-slip-exercise-fitness-yoga-mats,eco-friendly-tpe-exercise-mats-for-home-workout-with-strap-&-carrying-bag-…/p/p/?o=p-1",59.90,69.95,14% Off,5.0,3,n,n
60,"GROIC 16 Pack Puzzle Exercise Floor Mat, EVA Foam Mats with Interlocking Floor Tiles, 12'' x 12'' Foam Gym Mat, Protective Flooring Mats Interlocking for Home and Gym Equipment(Black) …","https://www.noon.com/uae-en/groic-16-pack-puzzle-exercise-floor-mat,-eva-foam-mats-with-interlocking-floor-tiles,-12''-x-12''-foam-gym-mat,-protective-flooring-mats-interlocking-for-home-and-gym-equipment(black)-…/p/p/?o=p-1",96.60,200,51% Off,,,n,y
61,"Balanced Body Balanced Body METRO-IQ Reformer Bundle – Advanced, High-Tech Pilates Reformer with Smart Features for Full-Body Fitness, Core Training, and Home or Studio Workouts …","https://www.noon.com/uae-en/balanced-body-balanced-body-metro-iq-reformer-bundle-–-advanced,-high-tech-pilates-reformer-with-smart-features-for-full-body-fitness,-core-training,-and-home-or-studio-workouts-…/p/p/?o=p-1","21,000",,,,,n,y
62,"Tanyaz Yoga Stretch Belt with Loops, Ankle Ligament Stretcher for Enhanced Flexibility Training, Rehab, Pilates, Dance, Gymnastics, and Fitness Workouts …","https://www.noon.com/uae-en/tanyaz-yoga-stretch-belt-with-loops,-ankle-ligament-stretcher-for-enhanced-flexibility-training,-rehab,-pilates,-dance,-gymnastics,-and-fitness-workouts-…/p/p/?o=p-1",29.90,79,62% Off,,,n,y
63,Iron Gym Yogamat W/Cary Strp 4Mm Eva …,https://www.noon.com/uae-en/iron-gym-yogamat-w/cary-strp-4mm-eva-…/p/p/?o=p-1,28.50,,,,,n,y
64,"MahMir Mahmir® EVA Foam Roller for Yoga, Deep Tissue Massage, Stretching, Physical Therapy, Relieve Stress, Improve Mobility with Foam Roller for Legs and Muscles - Deep Tissue Massage Tool (Purple) …","https://www.noon.com/uae-en/mahmir-mahmir®-eva-foam-roller-for-yoga,-deep-tissue-massage,-stretching,-physical-therapy,-relieve-stress,-improve-mobility-with-foam-roller-for-legs-and-muscles---deep-tissue-massage-tool-(purple)-…/p/p/?o=p-1",29.95,,,3.9,3,n,n
65,"GGEROU Minimalist barefoot sock shoes for women and men,Non-Slip Beach Shoes Fitness Sports Shoe …","https://www.noon.com/uae-en/ggerou-minimalist-barefoot-sock-shoes-for-women-and-men,non-slip-beach-shoes-fitness-sports-shoe-…/p/p/?o=p-1",62.50,77.45,19% Off,,,n,y
66,ZCM-HAPPY 2 Piece Yoga Block Props Brick …,https://www.noon.com/uae-en/zcm-happy-2-piece-yoga-block-props-brick-…/p/p/?o=p-1,25,,,4.3,4,n,y
67,UBOYLI Womens Non Slip Yoga Socks …,https://www.noon.com/uae-en/uboyli-womens-non-slip-yoga-socks-…/p/p/?o=p-1,8,24,66% Off,4.0,54,n,y
